0,DOWN
1,DOWN
2,DOWN
3,DOWN
4,DOWN
5,DOWN
6,DOWN
7,RIGHT
8,RIGHT
9,RIGHT
10,RIGHT
11,RIGHT
12,RIGHT
13,RIGHT
14,RIGHT
15,RIGHT
16,RIGHT
17,RIGHT
18,RIGHT
19,DOWN
20,DOWN
21,LEFT
22,LEFT
23,LEFT
24,LEFT
25,LEFT
26,LEFT
27,LEFT
28,LEFT
29,LEFT
30,LEFT
31,LEFT
32,LEFT
33,DOWN
34,DOWN
35,RIGHT
36,RIGHT
37,RIGHT
38,RIGHT
39,RIGHT
40,RIGHT
41,RIGHT
42,RIGHT
43,RIGHT
44,RIGHT
45,RIGHT
46,RIGHT
47,DOWN
48,DOWN
49,LEFT
50,LEFT
51,LEFT
52,LEFT
53,LEFT
54,LEFT
55,LEFT
